  361,    1,    4,    0,    1,    0,    2,    3,    5,    1
    0,  367,    1,    0,    0,    0,    0,    3,    3,    1
    4,    5,  354,    0,    1,    1,    5,    4,    0,    1
    0,    0,    0,  375,    0,    0,    0,    1,    1,    0
    0,    0,    1,    0,  368,    1,    0,    0,    3,    0
    1,    0,    7,    0,    0,  369,    3,    3,    0,    0
    2,    0,    1,    0,    0,    0,  340,   14,    0,    1
    1,    2,    2,    0,    2,    3,   16,  343,    2,    3
    3,    0,    2,    0,    1,    0,    4,    2,  360,    2
    3,    0,    3,    0,    2,    1,    5,    2,    1,  366
